department,college,category
Biology,College of Arts and Sciences,Biological Sciences
Psychological Science,College of Arts and Sciences,Psychological Science
Mathematics and Statistics,College of Engineering and Mathematical Sciences,Mathematical Sciences
Community Development and Applied Economics,College of Agriculture and Life Sciences,Social Sciences
"Agriculture, Landscape, and Environment",College of Agriculture and Life Sciences,
Communication Sciences and Disorders,College of Nursing and Health Sciences,Psychological Science
Surgery,Larner College of Medicine,Medical Sciences
Electrical and Biomedical Engineering,College of Engineering and Mathematical Sciences,Computer Science
Philosophy,College of Arts and Sciences,Humanities
Civil and Environmental Engineering,College of Engineering and Mathematical Sciences,Engineering
Medicine,Larner College of Medicine,Medical Sciences
Rubenstein School of Environment and Natural Resources,Rubenstein School of Environment and Natural Resources,Earth Science
French and Italian,School of World Languages and Cultures,Language
Education,College of Education and Social Services,
Microbiology and Molecular Genetics,College of Agriculture and Life Sciences,Biological Sciences
Anthropology,College of Arts and Sciences,Social Sciences
Economics,College of Arts and Sciences,Social Sciences
Geography and Geosciences,College of Arts and Sciences,Earth Science
Grossman School of Business,Grossman School of Business,Business
English,College of Arts and Sciences,Humanities
Classics,School of World Languages and Cultures,Humanities
Nutrition and Food Sciences,College of Agriculture and Life Sciences,Agriculture
"Counseling, Human Development and Family Science",College of Education and Social Services,
Psychiatry,Larner College of Medicine,Medical Sciences
Computer Science,College of Engineering and Mathematical Sciences,Computer Science
Pathology and Laboratory Medicine,Larner College of Medicine,Medical Sciences
"Obstetrics, Gynecology and Reproductive Sciences",Larner College of Medicine,Medical Sciences
Physics,College of Engineering and Mathematical Sciences,Physical Science
Biomedical and Health Sciences,College of Nursing and Health Sciences,Medical Sciences
Political Science,College of Arts and Sciences,Social Sciences
Biochemistry,College of Agriculture and Life Sciences,Chemical Science
Rehabilitation and Movement Science,College of Nursing and Health Sciences,Health
Pharmacology,Larner College of Medicine,Medical Sciences
Chemistry,College of Arts and Sciences,Physical Science
Orthopaedics and Rehabilitation,College of Nursing and Health Sciences,
Sociology,College of Arts and Sciences,Social Sciences
Religion,College of Arts and Sciences,
Molecular Physiology and Biophysics,Larner College of Medicine,Health
Social Work,College of Education and Social Services,
Plant Biology,College of Agriculture and Life Sciences,Biological Sciences
Animal and Veterinary Sciences,College of Agriculture and Life Sciences,
Neurological Sciences,Larner College of Medicine,
Mechanical Engineering,College of Engineering and Mathematical Sciences,Engineering
Emergency Medicine,Larner College of Medicine,
Pediatrics,Larner College of Medicine,
Anesthesiology,Larner College of Medicine,Medical Sciences
Family Medicine,Larner College of Medicine,Medical Sciences
Theatre and Dance,College of Arts and Sciences,
Art and Art History,College of Arts and Sciences,
Linguistics,School of World Languages and Cultures,Humanities
History,College of Arts and Sciences,Humanities
History,College of Arts and Sciences,Humanities
Spanish,School of World Languages and Cultures,
Music,College of Arts and Sciences,
East Asian Languages and Literatures,School of World Languages and Cultures,
Nursing,College of Nursing and Health Sciences,
"German, Russian, and Hebrew",School of World Languages and Cultures,
Radiology,Larner College of Medicine,
